,Model Name,RMSE_train,MAE_train,R2_train,RMSE,MAE,R2
0,Ridge,5.425997298031737,4.359388410953405,0.8686068301347675,5.39038701693564,4.211100688014261,0.8805931485028737
1,Linear Regression,5.433051871407863,4.3635449218749995,0.8683696003840673,5.3959872842671395,4.2158203125,0.8803449074540941
2,Random Forest Regressor,6.123465674027008,4.911262648809524,0.8345309157246857,5.969392945266001,4.647300595238096,0.8535633827830236
3,CatBoosting Regressor,5.907718897562492,4.773500905426166,0.8441694933813284,6.008631956907363,4.612531714976557,0.8516318920747058
4,AdaBoost Regressor,6.2421567713629535,5.040202868286864,0.819846457668663,6.070933650417102,4.674030870586933,0.8485391726592814
5,XGBRegressor,6.608196537651892,5.306551575660706,0.805269181728363,6.4733073671713335,5.057730598449707,0.8277965784072876
6,Lasso,6.611284383415199,5.224446047370878,0.8053004206940638,6.519694535667419,5.157881810347763,0.8253197323627853
7,K-Neighbors Regressor,7.154951896164306,5.690250000000001,0.771318863445521,7.253040741647602,5.621,0.7838129945787431
8,Decision Tree,8.342488612797329,6.4375,0.6992312503002223,7.891134265744057,6.35,0.7441012187143501
