,Model Name,RMSE_train,MAE_train,R2_train,RMSE,MAE,R2
0,Decision Tree,0.2795084971874737,0.01875,0.9996534669718089,8.138795979750322,6.49,0.7277864899251413
1,XGBRegressor,1.0072816866027385,0.6874666035175323,0.9954995512962341,6.4733073671713335,5.057730598449707,0.8277965784072876
2,Random Forest Regressor,2.2961073017869706,1.8326833333333332,0.9766149144693456,6.010880010447722,4.713883333333333,0.8515208512096735
3,CatBoosting Regressor,3.042664195326799,2.405393926779502,0.9589358676277713,6.008631956907363,4.612531714976557,0.8516318920747058
4,Ridge,5.323324922741654,4.264987823725981,0.8743042615212909,5.39038701693564,4.211100688014261,0.8805931485028737
5,Linear Regression,5.32433097827426,4.26708984375,0.8742567465397689,5.3959872842671395,4.2158203125,0.8803449074540941
6,K-Neighbors Regressor,5.707683417990174,4.516749999999999,0.8554978341651085,7.253040741647602,5.621,0.7838129945787431
7,AdaBoost Regressor,5.718797052447768,4.700105697007212,0.8549345556412553,6.041509232879631,4.660801444972136,0.8500038061770365
8,Lasso,6.593815587795566,5.206302661246526,0.8071462015863456,6.519694535667419,5.157881810347763,0.8253197323627853
